{
  "Containers": [],
  "Items": [
    {
      "MenuName": "Adding Parts",
      "Description": null,
      "Key": "/docs/adding-parts.md"
    },
    {
      "MenuName": "Hotend Controls",
      "Description": null,
      "Key": "/docs/hotend-controls.md"
    },
    {
      "MenuName": "Rotate Controls",
      "Description": null,
      "Key": "/docs/rotate-controls.md"
    },
    {
      "MenuName": "Scale Controls",
      "Description": null,
      "Key": "/docs/scale-controls.md"
    },
    {
      "MenuName": "Starting A Print",
      "Description": null,
      "Key": "/docs/starting-a-print.md"
    },
    {
      "MenuName": "Support",
      "Description": null,
      "Key": "/docs/support.md"
    },
    {
      "MenuName": "Whats New",
      "Description": null,
      "Key": "/docs/whats-new.md"
    }
  ],
  "Name": "docs"
}